WebGL_Report,WebGLVersion,maxTextureSize,maxViewportSize,WebGLUnmaskedRenderer,deviceMemoryGB,frameRateReportedByPsychoJS,computeRandomMHz,expName,date,psychopyVersion,hardwareConcurrency,deviceType,deviceSystem,deviceSystemFamily,deviceBrowser,deviceBrowserVersion,deviceLanguage,psychojsWindowDimensions,participant,session,EasyEyesID,PavloviaSessionID,ProlificParticipantID,ProlificSessionID,ProlificStudyID,longTask,longTaskDurationSec,longTaskStartSec,cameraResolutionXY,blockNumber,blocks.thisRepN,blocks.thisTrialN,blocks.thisN,blocks.thisIndex,blocks.ran,blocks.order,block,targetKind,targetTask,name,requestedCrossSessionId,_s,experimentFilename,experiment,monitorFrameRate,setSession,UTC,initInstructionRoutineDurationFromBeginSec,initInstructionRoutineDurationFromPreviousEndSec,screenWidthByObjectCm,screenHeightByObjectCm,viewingDistanceByBlindSpotCm,fontRenderSec,heap100MBAllocSec,eduInstructionRoutineDurationFromBeginSec,eduInstructionRoutineDurationFromPreviousEndSec,block_condition,_about,_authorEmails,_authors,_calibrateMicrophoneKeywords,_calibrateMicrophonesBool,_calibrateMicrophonesOnlyViaPhoneBool,_calibrateScreenSizeCacheBool,_calibrateSoundAgainOptionBool,_calibrateSoundBackgroundSecs,_calibrateSoundBurstDb,_calibrateSoundBurstDbIsRelativeBool,_calibrateSoundBurstFilteredExtraDb,_calibrateSoundBurstLevelReTBool,_calibrateSoundBurstMaxSD_dB,_calibrateSoundBurstMLSVersions,_calibrateSoundBurstNormalizeBy1000HzGainBool,_calibrateSoundBurstPostSec,_calibrateSoundBurstPreSec,_calibrateSoundBurstRecordings,_calibrateSoundBurstRepeats,_calibrateSoundBurstScalar_dB,_calibrateSoundBurstSec,_calibrateSoundBurstsWarmup,_calibrateSoundCheck,_calibrateSoundCopyToDownloadsBool,_calibrateSoundFavoriteAuthors,_calibrateSoundIIRPhase,_calibrateSoundIIRSec,_calibrateSoundIRSec,_calibrateSoundLimit,_calibrateSoundPowerBinDesiredSec,_calibrateSoundPowerDbSDToleratedDb,_calibrateSoundSamplingDesiredBits,_calibrateSoundSamplingDesiredHz,_calibrateSoundSaveJSONBool,_calibrateSoundSmoothMinBandwidthHz,_calibrateSoundSmoothOctaves,_calibrateSoundTaperSec,_calibrateSoundTolerance_dB,_calibrateSoundUMIK1Base_dB,_calibrateSoundUMIK2Base_dB,_calibrateTimingNumberAndSecs,_canMeasureMeters,_consentForm,_daisyChainURLAfter,_daisyChainURLBefore,_dateCreated,_dateModified,_debriefForm,_debugBool,_invitePartingCommentsBool,_language,_languageSelectionByParticipantBool,_logFontBool,_logFontRenderingBool,_logParticipantsBool,_logTrialsBool,_needBrowser,_needBrowserVersionMinimum,_needCalibratedSound,_needCameraBool,_needColorimeterBool,_needComputerSurveyBool,_needCookiesBool,_needDeviceType,_needDisplay,_needDoNotDisturbBool,_needIncognitoBool,_needMeasureMeters,_needMemoryGB,_needOperatingSystem,_needPhoneBrowser,_needPopupsBool,_needProcessorCoresMinimum,_needRecordingControls,_needScreenSizeMinimumPx,_needSmartphoneCheckBool,_needSmartphoneSurveyBool,_needSmartphoneTooBool,_needSoundOutput,_needTimingToleranceSec,_needWeb,_needWebGL,_needWebPhone,_online1InternalName,_online1RecruitmentService,_online1Title,_online2Description,_online2Minutes,_online2Participants,_online2Pay,_online2PayCurrency,_online2PayPerHour,_participantIDGetBool,_participantIDPutBool,_pavlovia_Database_ResultsFormatBool,_pavloviaNewExperimentBool,_pavloviaPreferRunningModeBool,_pavloviaSavePartialResultsBool,_prolific1ProjectID,_prolific2DeviceKind,_prolific2RequiredServices,_prolific2ScreenerSet,_prolific2StudyLabel,_prolific2SubmissionApproval,_prolific3AllowAfterHours,_prolific3AllowCompletedExperiment,_prolific3ApprovalRate,_prolific3CustomAllowList,_prolific3CustomBlockList,_prolific3Location,_prolific3ParticipantInPreviousStudyExclude,_prolific3ParticipantInPreviousStudyInclude,_prolific3StudyDistribution,_prolific4CochlearImplant,_prolific4Dyslexia,_prolific4HearingDifficulties,_prolific4LanguageFirst,_prolific4LanguageFluent,_prolific4LanguagePrimary,_prolific4LanguageRelatedDisorders,_prolific4MusicalInstrumentExperience,_prolific4PhoneOperatingSystem,_prolific4Vision,_prolific4VisionCorrection,_prolific4VRExperiences,_prolific4VRHeadsetFrequency,_prolific4VRHeadsetOwnership,_saveCursorPositionBool,_saveEachBlockBool,_showResourceLoadingBool,_showSoundCalibrationResultsBool,_showSoundParametersBool,_showSoundTestPageBool,_soundCalibrationDialogEstimatedSec,_textUsesHTMLBool,_timeoutSec,_trackGazeExternallyBool,blockShuffleGroups1,blockShuffleGroups2,blockShuffleGroups3,blockShuffleGroups4,calibrateBlindSpotBool,calibrateDistanceCheckBool,calibrateFrameRateUnderStressBool,calibrateGazeCheckBool,calibratePupillaryDistanceBool,calibrateScreenSizeBool,calibrateScreenSizeCheckBool,calibrateSound1000HzBool,calibrateSound1000HzDB,calibrateSound1000HzMaxSD_dB,calibrateSound1000HzPostSec,calibrateSound1000HzPreSec,calibrateSound1000HzSec,calibrateSoundAllHzBool,calibrateSoundAllHzDB,calibrateSoundMaxHz,calibrateSoundMinHz,calibrateSoundSaveToCSVBool,calibrateSoundToleranceDB,calibrateTrackDistanceBool,calibrateTrackDistanceCheckBool,calibrateTrackDistanceCheckCm,calibrateTrackDistanceCheckSecs,calibrateTrackGazeBool,closestPointEccentricitySetting,conditionEnabledBool,conditionGroup,conditionName,conditionTrials,digits,EasyEyesLettersVersion,errorBool,errorEndsExperimentBool,fixationCheckBool,fixationLocationStrategy,fixationOriginXYScreen,fixationRequestedOffscreenBool,flankerCharacterSet,flankerFont,flankerFontSource,flankerNumber,flankerSpacingDeg,flipScreenHorizontallyBool,font,fontBoundingScalar,fontCharacterSet,fontColorRGBA,fontFeatureSettings,fontKerning,fontLatencyPt,fontLatencyString,fontLeftToRightBool,fontMaxPx,fontMaxPxShrinkage,fontMedialShapeResponseBool,fontMedialShapeTargetBool,fontPadding,fontPixiMetricsString,fontPreRender,fontRenderMaxPx,fontSizeReferencePx,fontSource,fontStyle,fontTrackingForLetters,fontTrackingForWords,fontVariableSettings,fontWeight,instructionFont,instructionFontColorRGBA,instructionFontLeftToRightBool,instructionFontPadding,instructionFontSizePt,instructionFontSource,instructionForBlock,instructionForExperiment,instructionForResponse,instructionForResponseLocation,instructionForStimulus,instructionForStimulusLocation,instructionLanguage,internationalPhrasesURL,internationalTableURL,invitePartingCommentsBool,logQuestBool,markDot,markDotColorRGBA,markDotDiameterDeg,markDotTrackFixationBool,markDotXYDeg,markFlies,markFliesColorRGBA,markFliesGravity,markFliesLengthDeg,markFliesNumber,markFliesRadiusDeg,markFliesSpeedDegPerSec,markFliesThicknessDeg,markFliesTrackFixationBool,markGrid,markingBlankedNearTargetBool,markingBlankingRadiusReEccentricity,markingBlankingRadiusReTargetHeight,markingClippedToStimulusRectBool,markingColorRGBA,markingFixationAfterTargetOffsetBool,markingFixationAfterTargetOnset,markingFixationDuringTargetBool,markingFixationHotSpotRadiusDeg,markingFixationMotionPath,markingFixationMotionRadiusDeg,markingFixationMotionSpeedDegPerSec,markingFixationStrokeLengthDeg,markingFixationStrokeThickening,markingFixationStrokeThicknessDeg,markingOffsetBeforeTargetOnsetSecs,markingOnsetAfterTargetOffsetSecs,markingShowCursorBool,markingTargetStrokeLengthDeg,markingTargetStrokeThicknessDeg,markTheFixationBool,markThePossibleTargetsBool,maskerBaseFrequencyMultiplier,maskerSoundDBSPL,maskerSoundFolder,maskerSoundPhrase,measureLuminanceBool,measureLuminanceDelaySec,measureLuminanceHz,measureLuminancePretendBool,movieComputeJS,movieHz,movieLuminanceNit,moviePQEncodedBool,movieRectDeg,movieRectPxContainsRectDegBool,movieSec,movieTargetDelaySec,movieValues,needEasyEyesKeypadBeyondCm,needKeypadBeyondCm,needScreenHeightDeg,needScreenHeightUpToDeg,needScreenWidthDeg,needScreenWidthUpToDeg,needSoundOutput,needSoundOutputKind,needTargetAsSmallAsDeg,needTargetSizeDownToDeg,notes,omitPsychoJS.window.monitorFramePeriodBool,questionAndAnswer@@,questionAnswer@@,questionAnswerLayout,questionAnswerShuffleAnswersBool,questionAnswerShuffleQuestionsBool,readingCorpus,readingCorpusEndlessBool,readingCorpusShuffleBool,readingDefineSingleLineSpacingAs,readingFirstFewWords,readingLineLength,readingLineLengthCharacters,readingLineLengthUnit,readingLineSpacingDefineSingleAs,readingLineSpacingMultipleOfSingle,readingLineSpacingSingleDeg,readingLinesPerPage,readingMaxCharactersPerLine,readingMultipleOfSingleLineSpacing,readingNominalSizeDeg,readingNominalSizePt,readingNumberOfPossibleAnswers,readingNumberOfQuestions,readingPages,readingSetSize,readingSetSizeBy,readingSetSizeUnit,readingSingleLineSpacingDeg,readingSpacingDeg,readingSpacingPt,readingTargetMaxWordFrequency,readingXHeightDeg,readingXHeightPt,responseAllowedEarlyBool,responseClickedBool,responseEscapeOptionsBool,responseMustClickCrosshairBool,responseMustTrackContinuouslyBool,responseMustTrackMaxSec,responseMustTrackMinSec,responseNegativeFeedbackBool,responsePositiveFeedbackBool,responsePurrWhenReadyBool,responseSkipBlockForWhom,responseSkipTrialButtonBool,responseSpokenBool,responseSpokenToExperimenterBool,responseTimeoutSec,responseTypedBool,responseTypedKeypadWidthOverHeight,rsvpReadingFlankerCharacterSet,rsvpReadingFlankTargetWithLettersBool,rsvpReadingNumberOfIdentifications,rsvpReadingNumberOfResponseOptions,rsvpReadingNumberOfWords,rsvpReadingRequireUniqueWordsBool,saveCursorTrackingBool,saveCursorTrackingHz,screenColorRGBA,screenshotBool,setResolutionPxPerCm,setResolutionPxPerDeg,showBackGrid,showBeepButtonOnBlockInstructionBool,showBoundingBoxBool,showCharacterSetBoundingBoxBool,showCharacterSetForAllResponsesBool,showCharacterSetLocation,showCharacterSetWhere,showCharacterSetWithLabelsBool,showConditionNameBool,showCounterBool,showCounterLocation,showCounterWhere,showExperimentNameBool,showFPSBool,showGazeBool,showGazeNudgerBool,showGrid,showImage,showImageSpareFraction,showImageWhere,showMeasuredSoundLevelBool,showPageTurnInstructionBool,showParameters,showPercentCorrectBool,showProgressBarBool,showTakeABreakCreditBool,showTargetSpecsBool,showText,showTimingBarsBool,showViewingDistanceBool,simulateParticipantBool,simulateWithDisplayBool,simulationBeta,simulationDelta,simulationModel,simulationThreshold,soundGainDBSPL,soundMicCm,spacingDeg,spacingDirection,spacingIsOuterBool,spacingOverSizeRatio,spacingRelationToSize,spacingSymmetry,takeABreakMinimumDurationSec,takeABreakTrialCredit,targetBoundingBoxHorizontalAlignment,targetColorRGBA,targetContrast,targetCyclePerDeg,targetDelaySec,targetDurationSec,targetEccentricityXDeg,targetEccentricityYDeg,targetGapDeg,targetHz,targetImageFolder,targetLengthDeg,targetMinPhysicalPx,targetN,targetNBorderCharacter,targetNMax,targetNPlaceholderCharacter,targetOffsetDeg,targetOrientationDeg,targetPhaseSpatialDeg,targetPhaseTemporalDeg,targetRepeatsBorderCharacter,targetRepeatsMaxLines,targetSizeDeg,targetSizeIsHeightBool,targetSoundChannels,targetSoundDBSPL,targetSoundFolder,targetSoundNoiseBool,targetSoundNoiseClockHz,targetSoundNoiseDBSPL,targetSoundNoiseOffsetReTargetSec,targetSoundNoiseOnsetReTargetSec,targetSoundPhrase,targetSpaceConstantDeg,targetThicknessDeg,targetTimeConstantSec,targetWhenSec,thresholdAllowedBlackoutBool,thresholdAllowedDurationRatio,thresholdAllowedGazeRErrorDeg,thresholdAllowedGazeXErrorDeg,thresholdAllowedGazeYErrorDeg,thresholdAllowedLatenessSec,thresholdAllowedTrialRatio,thresholdBeta,thresholdDelta,thresholdGamma,thresholdGuess,thresholdGuessLogSd,thresholdParameter,thresholdParameterMax,thresholdPracticeUntilCorrectBool,thresholdProcedure,thresholdProportionCorrect,thresholdRepeatBadBlockBool,viewingDistanceAllowedPreciseBool,viewingDistanceAllowedRatio,viewingDistanceDesiredCm,viewMonitorsXYDeg,nearpointXYPxPsychoJS,nearpointXYPxAppleCoords,useWordDigitBool,levelProposedByQUEST,levelConstrainedByThresholdParameterMax,markingFixationHotSpotRadiusPx,trialInstructionBeginDurationSec,mustTrackSec,flankerLocationsPx,targetSpacingPx,crowdingTriplets,fontNominalSizePx,fontNominalSizePt,clickToTrialPreparationDelaySec,fontBoundingBoxReNominalRect,fontXHeightReNominal,fontSpacingReNominal,fontCharacterSetHeightReNominal,trials.thisRepN,trials.thisTrialN,trials.thisN,trials.thisIndex,trials.ran,trials.trialsVal,trials.intensity,trials.label,trials.nReps,trials.method,trials.autoLog,trials.seed,trials.varName,trials.startVal,trials.minVal,trials.maxVal,trials.startValSd,trials.pThreshold,trials.nTrials,trials.stopInterval,trials.beta,trials.delta,trials.gamma,trials.grain,dataSaved,staircaseName,questMeanAtEndOfTrialsLoop,innerSpacingThresholdDeg,questSDAtEndOfTrialsLoop,questQuantileOfQuantileOrderAtEndOfTrialsLoop,addBlockStaircaseSummariesToData,experimentCompleteBool
"{""WebGL_Version"":2,""GLSL_Version"":""WebGL GLSL ES 3.00 (OpenGL ES GLSL ES 3.0 Chromium)"",""WebGL_Vendor"":""WebKit"",""WebGL_Renderer"":""WebKit WebGL"",""Unmasked_Vendor"":""Google Inc. (Apple)"",""Unmasked_Renderer"":""ANGLE (Apple, ANGLE Metal Renderer: Apple M3, Unspecified Version)"",""maxTextureSize"":16384,""maxViewportSize"":16384,""deviceMemory"":""""}",2,16384,16384,"ANGLE (Apple, ANGLE Metal Renderer: Apple M3, Unspecified Version)",8,59.9880024,11.053,threshold,2025-02-03_19h12.33.133,2022.1.3-threshold-prod,8,desktop,OS X 10.15.7,OS X,Chrome,132.0.0.0,en-US,"[1470,831]",SpicyYellowCake312,0001,SpicyYellowCake312,SpicyYellowCake312,,,,"{""name"":""self"",""entryType"":""longtask"",""startTime"":18202.09499999974,""duration"":158,""attribution"":[{""name"":""unknown"",""entryType"":""taskattribution"",""startTime"":0,""duration"":0,""containerType"":""window"",""containerSrc"":"""",""containerId"":"""",""containerName"":""""}]}",0.158,18.202095,1080x1920,1,0,0,1,0,1,4,0,letter,identify,threshold,FALSE,1,tracking_demo.xlsx,trackingdemo5,59.9880024,,EST,,,,,,,,,,,,,,,,,,,,,,,,,,,,,,,,,,,,,,,,,,,,,,,,,,,,,,,,,,,,,,,,,,,,,,,,,,,,,,,,,,,,,,,,,,,,,,,,,,,,,,,,,,,,,,,,,,,,,,,,,,,,,,,,,,,,,,,,,,,,,,,,,,,,,,,,,,,,,,,,,,,,,,,,,,,,,,,,,,,,,,,,,,,,,,,,,,,,,,,,,,,,,,,,,,,,,,,,,,,,,,,,,,,,,,,,,,,,,,,,,,,,,,,,,,,,,,,,,,,,,,,,,,,,,,,,,,,,,,,,,,,,,,,,,,,,,,,,,,,,,,,,,,,,,,,,,,,,,,,,,,,,,,,,,,,,,,,,,,,,,,,,,,,,,,,,,,,,,,,,,,,,,,,,,,,,,,,,,,,,,,,,,,,,,,,,,,,,,,,,,,,,,,,,,,,,,,,,,,,,,,,,,,,,,,,,,,,,,,,,,,,,,,,,,,,,,,,,,,,,,,,,,,,,,,,,,,,,,,,,,,,,,,,,,,,,,,,,,,,,,,,,,,,,,,,,,,,,,,,,
,,,,,,,,threshold,2025-02-03_19h12.33.133,2022.1.3-threshold-prod,8,desktop,OS X 10.15.7,OS X,Chrome,132.0.0.0,en-US,"[1470,831]",SpicyYellowCake312,0001,SpicyYellowCake312,SpicyYellowCake312,,,,"{""name"":""self"",""entryType"":""longtask"",""startTime"":31322.400000000373,""duration"":96,""attribution"":[{""name"":""unknown"",""entryType"":""taskattribution"",""startTime"":0,""duration"":0,""containerType"":""window"",""containerSrc"":"""",""containerId"":"""",""containerName"":""""}]}",0.096,31.3224,,,,,,,,,1,letter,identify,threshold,FALSE,1,tracking_demo.xlsx,trackingdemo5,59.9880024,,EST,0.901915,0.902095,28.6,18.6,44.53717763,0.00002,0.010745,0.00216,0.002215,1_1,Testing Crowding,,Helen Hu,"UMIK-1, UMIK-2, Bluetooth, Headset, Headphones, Wireless, On-Ear, Over-Ear, In-Ear, Buds, Earbuds, AirPods, Eardrops, Air, Cloud, MIDI, Line-in, Audeze, Audio-Technica, Blackwire, Beats, beyerdynamic, Blue Satellite, BlueParrot, Bowers & Wilkins, Caymuller, Bose, Conambo, COOSII, Cowin, Discover, Focal, HD, HEIBAS, HIFIMAN, HyperX, Jabra, JBL, Koss, LEVN, Logitech, Meze, Monolith, NANAMI, Poly Voyager, Porta, Raycon, Sennheiser, Shure, Sony, Soundcore, TOZO, Trucker, Vibe, Yealink",FALSE,FALSE,TRUE,FALSE,2,-40,FALSE,5,FALSE,2,1,TRUE,0.5,2,1,4,101.4,2,0,goal,FALSE,,linear,0.2,0.2,1,0.1,100,24,48000,FALSE,200,0.3333333,0.01,1.5,-124.8,-100,,0,,,,0,0,,FALSE,FALSE,English (US),FALSE,FALSE,FALSE,FALSE,FALSE,"Chrome, Edge",0,,TRUE,FALSE,FALSE,TRUE,desktop,,FALSE,FALSE,0,8,all,"Safari, 12, Chrome, 131",TRUE,6,,,FALSE,FALSE,FALSE,,0.05,,,,,none,***,***,0,1,0,USD,0,FALSE,FALSE,FALSE,TRUE,TRUE,TRUE,,desktop,,,,automatic,0,," 0,100",,,All countries available,,,Standard sample,,,,,,,,,,,,,,,TRUE,FALSE,TRUE,TRUE,TRUE,FALSE,60,FALSE,20,FALSE,,,,,FALSE,FALSE,FALSE,FALSE,FALSE,TRUE,FALSE,FALSE," -50, -40,-30,-25,-20,-15,-10,-3.1",1,0.5,2,2,FALSE,-13.1,10000,200,FALSE,3,TRUE,FALSE,"25, 35, 50, 70, 100, 140, 160, 180",1,FALSE,,TRUE,0,Dynamic_Foveal,1,,2,FALSE,FALSE,TRUE,centerFixation,"0.5,0.5",FALSE,abcdefghijklmnopqrstuvwxyz,Roboto Mono,google,1,,FALSE,Sloan.woff2,1,DHKNORSVZ,"0,0,0,1",,normal,,abc,TRUE,1000,0.8,FALSE,FALSE,0.2,,none,10000000000,300,file,regular,0,0,,,Verdana,"0,0,0,1",TRUE,0.5,17,browser,Look at the crosshair while tracking!,,,topLeft,,upperLeft,English,,,FALSE,FALSE,"0,0,0,0,0,0,1","0,0,0,1",0,FALSE,"0,0","0,1,1.1,FALSE,0.05,0.8,0,0,0.6,1","0,0,1,1",-0.25,2,0,1.5,0.2,0.05,FALSE,"0.5,0.05,0,0,0,0,1",FALSE,0.5,2,FALSE,"0,0,0,1",TRUE,freeze,TRUE,0.15,circle,0.5,0.4,1,1.4,0.05,0,0,TRUE,1,0.03,TRUE,FALSE,2,-100,,,FALSE,5,1,FALSE,,60,-1,FALSE,,FALSE,60,0,,70,70,0,,0,,,,1,,,FALSE,,,column,FALSE,FALSE,,FALSE,FALSE,,,57,57,character,nominalSize,1.2,1,4,57,1.2,1,12,5,3,4,0.5,spacingDeg,spacingDeg,,0.5,12,0.00043,0.5,6,TRUE,TRUE,,FALSE,TRUE,35,35,FALSE,TRUE,TRUE,scientist,FALSE,FALSE,FALSE,35,TRUE,1,,FALSE,3,6,6,TRUE,FALSE,60,"0.92,0.92,0.92,1",FALSE,,,"0.5,0.03,1000",TRUE,FALSE,FALSE,FALSE,bottom,bottom,FALSE,FALSE,TRUE,bottomRight,bottomRight,FALSE,FALSE,FALSE,FALSE,disabled,,0,top,FALSE,TRUE,,TRUE,FALSE,FALSE,FALSE,,FALSE,TRUE,FALSE,TRUE,2.3,0.01,ideal,2,125,38.5,2,radial,FALSE,1.4,ratio,screen,2,0.05,center,"0,0,0,1",-1,0,0,0.15,8,0,0.167,0,,1,8,5,,10,_,0.1,0,0,0,$,3,2,FALSE,9,20,,FALSE,20000,-999,0.3,-0.3,,10000000000,0.083,10000000000,0,FALSE,1.5,10000000000,10000000000,10000000000,0.1,1,2.3,0.01,,1,2,spacingDeg,10,FALSE,QUEST,0.7,FALSE,FALSE,1.1,40,,"0,0","735,459",FALSE,0.142446849,0.142446849,5.853426608,0.003195,35,"[[256.49010063423964,-12.168382205105233],[358.7278818232729,-12.129432536225613]]",51.1188943,"O, S, V",36.2516781,19.99289077,36.51665,"[(-1.0714, -0.2758), (1.0714, 0.2758)]",1.0151,1,1,0,0,1,0,1,0.142446849,0.142446849,1_1,1,,TRUE,,trialsVal,0,4.94066E-324,1.79769E+308,2,0.7,1,4.94066E-324,2.3,0.01,0.111111111,0.01,TRUE,,,,,,,
,,,,,,,,threshold,2025-02-03_19h12.33.133,2022.1.3-threshold-prod,8,desktop,OS X 10.15.7,OS X,Chrome,132.0.0.0,en-US,"[1470,831]",SpicyYellowCake312,0001,SpicyYellowCake312,SpicyYellowCake312,,,,,,,,,0,0,1,0,1,,0,letter,identify,threshold,FALSE,1,tracking_demo.xlsx,trackingdemo5,59.9880024,,EST,,,,,,,,,,1_1,,,,,,,,,,,,,,,,,,,,,,,,,,,,,,,,,,,,,,,,,,,,,,,,,,,,,,,,,,,,,,,,,,,,,,,,,,,,,,,,,,,,,,,,,,,,,,,,,,,,,,,,,,,,,,,,,,,,,,,,,,,,,,,,,,,,,,,,,,,,,,,,,,,,,,,,,,,,,,,,,,,,,,,,,,Dynamic_Foveal,,,,,,,,,,,,,,,,,,,,,,,,,,,,,,,,,,,,,,,,,,,,,,,,,,,,,,,,,,,,,,,,,,,,,,,,,,,,,,,,,,,,,,,,,,,,,,,,,,,,,,,,,,,,,,,,,,,,,,,,,,,,,,,,,,,,,,,,,,,,,,,,,,,,,,,,,,,,,,,,,,,,,,,,,,,,,,,,,,,,,,,,,,,,,,,,,,,,,,,,,,,,,,,,,,,,,,,,,,,,,,,,,,,,,,,,,,,,,,,,,,,,,,,,,,,,,,,,,,,,,,,,,,,,,,,,,,,,,,,,,,,,,,,,,,,,,,,,,,,,,,,,,,,,,,,,,,,,,,,,,,,,,,,,,,,,,TRUE,1_1,-3.1225E-17,1.004929481,1.299792902,0.142446849,TRUE,
,,,,,,,,threshold,2025-02-03_19h12.33.133,2022.1.3-threshold-prod,8,desktop,OS X 10.15.7,OS X,Chrome,132.0.0.0,en-US,"[1470,831]",SpicyYellowCake312,0001,SpicyYellowCake312,SpicyYellowCake312,,,,,,,,2,0,1,2,1,1,4,1,letter,identify,threshold,FALSE,1,tracking_demo.xlsx,trackingdemo5,59.9880024,,EST,,,,,,,,,,,,,,,,,,,,,,,,,,,,,,,,,,,,,,,,,,,,,,,,,,,,,,,,,,,,,,,,,,,,,,,,,,,,,,,,,,,,,,,,,,,,,,,,,,,,,,,,,,,,,,,,,,,,,,,,,,,,,,,,,,,,,,,,,,,,,,,,,,,,,,,,,,,,,,,,,,,,,,,,,,,,,,,,,,,,,,,,,,,,,,,,,,,,,,,,,,,,,,,,,,,,,,,,,,,,,,,,,,,,,,,,,,,,,,,,,,,,,,,,,,,,,,,,,,,,,,,,,,,,,,,,,,,,,,,,,,,,,,,,,,,,,,,,,,,,,,,,,,,,,,,,,,,,,,,,,,,,,,,,,,,,,,,,,,,,,,,,,,,,,,,,,,,,,,,,,,,,,,,,,,,,,,,,,,,,,,,,,,,,,,,,,,,,,,,,,,,,,,,,,,,,,,,,,,,,,,,,,,,,,,,,,,,,,,,,,,,,,,,,,,,,,,,,,,,,,,,,,,,,,,,,,,,,,,,,,,,,,,,,,,,,,,,,,,,,,,,,,,,,,,,,,TRUE,,,,,,,
,,,,,,,,threshold,2025-02-03_19h12.33.133,2022.1.3-threshold-prod,8,desktop,OS X 10.15.7,OS X,Chrome,132.0.0.0,en-US,"[1470,831]",SpicyYellowCake312,0001,SpicyYellowCake312,SpicyYellowCake312,,,,,,,,,,,,,,,2,letter,identify,threshold,FALSE,1,tracking_demo.xlsx,trackingdemo5,59.9880024,,EST,1.282005,1.282025,28.6,18.6,44.53717763,0.00002,0.010745,0.00171,0.00173,2_1,Testing Crowding,,Helen Hu,"UMIK-1, UMIK-2, Bluetooth, Headset, Headphones, Wireless, On-Ear, Over-Ear, In-Ear, Buds, Earbuds, AirPods, Eardrops, Air, Cloud, MIDI, Line-in, Audeze, Audio-Technica, Blackwire, Beats, beyerdynamic, Blue Satellite, BlueParrot, Bowers & Wilkins, Caymuller, Bose, Conambo, COOSII, Cowin, Discover, Focal, HD, HEIBAS, HIFIMAN, HyperX, Jabra, JBL, Koss, LEVN, Logitech, Meze, Monolith, NANAMI, Poly Voyager, Porta, Raycon, Sennheiser, Shure, Sony, Soundcore, TOZO, Trucker, Vibe, Yealink",FALSE,FALSE,TRUE,FALSE,2,-40,FALSE,5,FALSE,2,1,TRUE,0.5,2,1,4,101.4,2,0,goal,FALSE,,linear,0.2,0.2,1,0.1,100,24,48000,FALSE,200,0.3333333,0.01,1.5,-124.8,-100,,0,,,,0,0,,FALSE,FALSE,English (US),FALSE,FALSE,FALSE,FALSE,FALSE,"Chrome, Edge",0,,TRUE,FALSE,FALSE,TRUE,desktop,,FALSE,FALSE,0,8,all,"Safari, 12, Chrome, 131",TRUE,6,,,FALSE,FALSE,FALSE,,0.05,,,,,none,***,***,0,1,0,USD,0,FALSE,FALSE,FALSE,TRUE,TRUE,TRUE,,desktop,,,,automatic,0,," 0,100",,,All countries available,,,Standard sample,,,,,,,,,,,,,,,TRUE,FALSE,TRUE,TRUE,TRUE,FALSE,60,FALSE,20,FALSE,,,,,FALSE,FALSE,FALSE,FALSE,FALSE,TRUE,FALSE,FALSE," -50, -40,-30,-25,-20,-15,-10,-3.1",1,0.5,2,2,FALSE,-13.1,10000,200,FALSE,3,TRUE,FALSE,"25, 35, 50, 70, 100, 140, 160, 180",1,FALSE,,TRUE,0,Dynamic_8deg,1,,2,FALSE,FALSE,TRUE,centerFixation,"0.5,0.5",FALSE,abcdefghijklmnopqrstuvwxyz,Roboto Mono,google,1,,FALSE,Sloan.woff2,1,DHKNORSVZ,"0,0,0,1",,normal,,abc,TRUE,1000,0.8,FALSE,FALSE,0.2,,none,10000000000,300,file,regular,0,0,,,Verdana,"0,0,0,1",TRUE,0.5,17,browser,Look at the red dot while tracking!,,,topLeft,,upperLeft,English,,,FALSE,FALSE,"8,0,0.2,1,0,0,1","0,0,0,1",0,FALSE,"0,0","0,1,1.1,FALSE,0.05,0.8,0,0,0.6,1","0,0,1,1",-0.25,2,0,1.5,0.2,0.05,FALSE,"0.5,0.05,0,0,0,0,1",FALSE,0.5,2,FALSE,"0,0,0,1",TRUE,freeze,TRUE,0.15,circle,0.5,0.4,1,1.4,0.05,0,0,TRUE,1,0.03,TRUE,FALSE,2,-100,,,FALSE,5,1,FALSE,,60,-1,FALSE,,FALSE,60,0,,70,70,0,,0,,,,1,,,FALSE,,,column,FALSE,FALSE,,FALSE,FALSE,,,57,57,character,nominalSize,1.2,1,4,57,1.2,1,12,5,3,4,0.5,spacingDeg,spacingDeg,,0.5,12,0.00043,0.5,6,TRUE,TRUE,,FALSE,TRUE,35,35,FALSE,TRUE,TRUE,scientist,FALSE,FALSE,FALSE,35,TRUE,1,,FALSE,3,6,6,TRUE,FALSE,60,"0.92,0.92,0.92,1",FALSE,,,"0.5,0.03,1000",TRUE,FALSE,FALSE,FALSE,bottom,bottom,FALSE,FALSE,TRUE,bottomRight,bottomRight,FALSE,FALSE,FALSE,FALSE,disabled,,0,top,FALSE,TRUE,,TRUE,FALSE,FALSE,FALSE,,FALSE,TRUE,FALSE,TRUE,2.3,0.01,ideal,2,125,38.5,2,radial,FALSE,1.4,ratio,screen,2,0.05,center,"0,0,0,1",-1,0,0,0.15,8,0,0.167,0,,1,8,5,,10,_,0.1,0,0,0,$,3,2,FALSE,9,20,,FALSE,20000,-999,0.3,-0.3,,10000000000,0.083,10000000000,0,FALSE,1.5,10000000000,10000000000,10000000000,0.1,1,2.3,0.01,,1,2,spacingDeg,10,FALSE,QUEST,0.7,FALSE,FALSE,1.1,40,,"0,0","735,459",FALSE,0.142446849,0.142446849,5.503566627,0.001355,35,"[[243.09023540997492,14.304178939646588],[347.860127643903,14.222330714396053]]",52.3849621,"O, S, Z",37.14952777,20.4880571,35.038845,"[(-1.0714, -0.2758), (1.0714, 0.2758)]",1.0151,1,1,0,0,1,0,1,0.142446849,0.142446849,2_1,1,,TRUE,,trialsVal,0,4.94066E-324,1.79769E+308,2,0.7,1,4.94066E-324,2.3,0.01,0.111111111,0.01,TRUE,,,,,,,
,,,,,,,,threshold,2025-02-03_19h12.33.133,2022.1.3-threshold-prod,8,desktop,OS X 10.15.7,OS X,Chrome,132.0.0.0,en-US,"[1470,831]",SpicyYellowCake312,0001,SpicyYellowCake312,SpicyYellowCake312,,,,,,,,,0,1,2,1,1,,1,letter,identify,threshold,FALSE,1,tracking_demo.xlsx,trackingdemo5,59.9880024,,EST,,,,,,,,,,2_1,,,,,,,,,,,,,,,,,,,,,,,,,,,,,,,,,,,,,,,,,,,,,,,,,,,,,,,,,,,,,,,,,,,,,,,,,,,,,,,,,,,,,,,,,,,,,,,,,,,,,,,,,,,,,,,,,,,,,,,,,,,,,,,,,,,,,,,,,,,,,,,,,,,,,,,,,,,,,,,,,,,,,,,,,,Dynamic_8deg,,,,,,,,,,,,,,,,,,,,,,,,,,,,,,,,,,,,,,,,,,,,,,,,,,,,,,,,,,,,,,,,,,,,,,,,,,,,,,,,,,,,,,,,,,,,,,,,,,,,,,,,,,,,,,,,,,,,,,,,,,,,,,,,,,,,,,,,,,,,,,,,,,,,,,,,,,,,,,,,,,,,,,,,,,,,,,,,,,,,,,,,,,,,,,,,,,,,,,,,,,,,,,,,,,,,,,,,,,,,,,,,,,,,,,,,,,,,,,,,,,,,,,,,,,,,,,,,,,,,,,,,,,,,,,,,,,,,,,,,,,,,,,,,,,,,,,,,,,,,,,,,,,,,,,,,,,,,,,,,,,,,,,,,,,,,,TRUE,2_1,-3.1225E-17,1.004929481,1.299792902,0.142446849,TRUE,
,,,,,,,,threshold,2025-02-03_19h12.33.133,2022.1.3-threshold-prod,8,desktop,OS X 10.15.7,OS X,Chrome,132.0.0.0,en-US,"[1470,831]",SpicyYellowCake312,0001,SpicyYellowCake312,SpicyYellowCake312,,,,,,,,3,0,2,3,2,1,4,2,letter,identify,threshold,FALSE,1,tracking_demo.xlsx,trackingdemo5,59.9880024,,EST,,,,,,,,,,,,,,,,,,,,,,,,,,,,,,,,,,,,,,,,,,,,,,,,,,,,,,,,,,,,,,,,,,,,,,,,,,,,,,,,,,,,,,,,,,,,,,,,,,,,,,,,,,,,,,,,,,,,,,,,,,,,,,,,,,,,,,,,,,,,,,,,,,,,,,,,,,,,,,,,,,,,,,,,,,,,,,,,,,,,,,,,,,,,,,,,,,,,,,,,,,,,,,,,,,,,,,,,,,,,,,,,,,,,,,,,,,,,,,,,,,,,,,,,,,,,,,,,,,,,,,,,,,,,,,,,,,,,,,,,,,,,,,,,,,,,,,,,,,,,,,,,,,,,,,,,,,,,,,,,,,,,,,,,,,,,,,,,,,,,,,,,,,,,,,,,,,,,,,,,,,,,,,,,,,,,,,,,,,,,,,,,,,,,,,,,,,,,,,,,,,,,,,,,,,,,,,,,,,,,,,,,,,,,,,,,,,,,,,,,,,,,,,,,,,,,,,,,,,,,,,,,,,,,,,,,,,,,,,,,,,,,,,,,,,,,,,,,,,,,,,,,,,,,,,,,,TRUE,,,,,,,
,,,,,,,,threshold,2025-02-03_19h12.33.133,2022.1.3-threshold-prod,8,desktop,OS X 10.15.7,OS X,Chrome,132.0.0.0,en-US,"[1470,831]",SpicyYellowCake312,0001,SpicyYellowCake312,SpicyYellowCake312,,,,,,,,,,,,,,,3,letter,identify,threshold,FALSE,1,tracking_demo.xlsx,trackingdemo5,59.9880024,,EST,1.22943,1.229465,28.6,18.6,44.53717763,0.00002,0.010745,0.001845,0.00186,3_1,Testing Crowding,,Helen Hu,"UMIK-1, UMIK-2, Bluetooth, Headset, Headphones, Wireless, On-Ear, Over-Ear, In-Ear, Buds, Earbuds, AirPods, Eardrops, Air, Cloud, MIDI, Line-in, Audeze, Audio-Technica, Blackwire, Beats, beyerdynamic, Blue Satellite, BlueParrot, Bowers & Wilkins, Caymuller, Bose, Conambo, COOSII, Cowin, Discover, Focal, HD, HEIBAS, HIFIMAN, HyperX, Jabra, JBL, Koss, LEVN, Logitech, Meze, Monolith, NANAMI, Poly Voyager, Porta, Raycon, Sennheiser, Shure, Sony, Soundcore, TOZO, Trucker, Vibe, Yealink",FALSE,FALSE,TRUE,FALSE,2,-40,FALSE,5,FALSE,2,1,TRUE,0.5,2,1,4,101.4,2,0,goal,FALSE,,linear,0.2,0.2,1,0.1,100,24,48000,FALSE,200,0.3333333,0.01,1.5,-124.8,-100,,0,,,,0,0,,FALSE,FALSE,English (US),FALSE,FALSE,FALSE,FALSE,FALSE,"Chrome, Edge",0,,TRUE,FALSE,FALSE,TRUE,desktop,,FALSE,FALSE,0,8,all,"Safari, 12, Chrome, 131",TRUE,6,,,FALSE,FALSE,FALSE,,0.05,,,,,none,***,***,0,1,0,USD,0,FALSE,FALSE,FALSE,TRUE,TRUE,TRUE,,desktop,,,,automatic,0,," 0,100",,,All countries available,,,Standard sample,,,,,,,,,,,,,,,TRUE,FALSE,TRUE,TRUE,TRUE,FALSE,60,FALSE,20,FALSE,,,,,FALSE,FALSE,FALSE,FALSE,FALSE,TRUE,FALSE,FALSE," -50, -40,-30,-25,-20,-15,-10,-3.1",1,0.5,2,2,FALSE,-13.1,10000,200,FALSE,3,TRUE,FALSE,"25, 35, 50, 70, 100, 140, 160, 180",1,FALSE,,TRUE,0,Flies_Foveal,1,,2,FALSE,FALSE,TRUE,centerFixation,"0.5,0.5",FALSE,abcdefghijklmnopqrstuvwxyz,Roboto Mono,google,1,,FALSE,Sloan.woff2,1,DHKNORSVZ,"0,0,0,1",,normal,,abc,TRUE,1000,0.8,FALSE,FALSE,0.2,,none,10000000000,300,file,regular,0,0,,,Verdana,"0,0,0,1",TRUE,0.5,17,browser,Look at the crosshair while tracking!,,,topLeft,,upperLeft,English,,,FALSE,FALSE,"0,0,0,0,0,0,1","0,0,0,1",0,FALSE,"0,0","3,1,1.1,FALSE,0.05,0.8,0,0,0.6,1","0,0,1,1",-0.25,2,0,1.5,0.2,0.05,FALSE,"0.5,0.05,0,0,0,0,1",FALSE,0.5,2,FALSE,"0,0,0,1",TRUE,freeze,TRUE,0.15,circle,0.5,0.4,1,1.4,0.05,0,0,TRUE,1,0.03,TRUE,FALSE,2,-100,,,FALSE,5,1,FALSE,,60,-1,FALSE,,FALSE,60,0,,70,70,0,,0,,,,1,,,FALSE,,,column,FALSE,FALSE,,FALSE,FALSE,,,57,57,character,nominalSize,1.2,1,4,57,1.2,1,12,5,3,4,0.5,spacingDeg,spacingDeg,,0.5,12,0.00043,0.5,6,TRUE,TRUE,,FALSE,TRUE,35,35,FALSE,TRUE,TRUE,scientist,FALSE,FALSE,FALSE,35,TRUE,1,,FALSE,3,6,6,TRUE,FALSE,60,"0.92,0.92,0.92,1",FALSE,,,"0.5,0.03,1000",TRUE,FALSE,FALSE,FALSE,bottom,bottom,FALSE,FALSE,TRUE,bottomRight,bottomRight,FALSE,FALSE,FALSE,FALSE,disabled,,0,top,FALSE,TRUE,,TRUE,FALSE,FALSE,FALSE,,FALSE,TRUE,FALSE,TRUE,2.3,0.01,ideal,2,125,38.5,2,radial,FALSE,1.4,ratio,screen,2,0.05,center,"0,0,0,1",-1,0,0,0.15,8,0,0.167,0,,1,8,5,,10,_,0.1,0,0,0,$,3,2,FALSE,9,20,,FALSE,20000,-999,0.3,-0.3,,10000000000,0.083,10000000000,0,FALSE,1.5,10000000000,10000000000,10000000000,0.1,1,2.3,0.01,,1,2,spacingDeg,10,FALSE,QUEST,0.7,FALSE,FALSE,1.1,40,,"0,0","735,459",FALSE,0.142446849,0.142446849,5.638128158,0.001245,35,"[[231.71175765280245,-4.705507986494253],[338.0654371361122,-4.703156971982776]]",53.17683975,"S, K, Z",37.71109887,20.79776496,35.01595,"[(-1.0714, -0.2758), (1.0714, 0.2758)]",1.0151,1,1,0,0,1,0,1,0.142446849,0.142446849,3_1,1,,TRUE,,trialsVal,0,4.94066E-324,1.79769E+308,2,0.7,1,4.94066E-324,2.3,0.01,0.111111111,0.01,TRUE,,,,,,,
,,,,,,,,threshold,2025-02-03_19h12.33.133,2022.1.3-threshold-prod,8,desktop,OS X 10.15.7,OS X,Chrome,132.0.0.0,en-US,"[1470,831]",SpicyYellowCake312,0001,SpicyYellowCake312,SpicyYellowCake312,,,,,,,,,0,2,3,2,1,,2,letter,identify,threshold,FALSE,1,tracking_demo.xlsx,trackingdemo5,59.9880024,,EST,,,,,,,,,,3_1,,,,,,,,,,,,,,,,,,,,,,,,,,,,,,,,,,,,,,,,,,,,,,,,,,,,,,,,,,,,,,,,,,,,,,,,,,,,,,,,,,,,,,,,,,,,,,,,,,,,,,,,,,,,,,,,,,,,,,,,,,,,,,,,,,,,,,,,,,,,,,,,,,,,,,,,,,,,,,,,,,,,,,,,,,Flies_Foveal,,,,,,,,,,,,,,,,,,,,,,,,,,,,,,,,,,,,,,,,,,,,,,,,,,,,,,,,,,,,,,,,,,,,,,,,,,,,,,,,,,,,,,,,,,,,,,,,,,,,,,,,,,,,,,,,,,,,,,,,,,,,,,,,,,,,,,,,,,,,,,,,,,,,,,,,,,,,,,,,,,,,,,,,,,,,,,,,,,,,,,,,,,,,,,,,,,,,,,,,,,,,,,,,,,,,,,,,,,,,,,,,,,,,,,,,,,,,,,,,,,,,,,,,,,,,,,,,,,,,,,,,,,,,,,,,,,,,,,,,,,,,,,,,,,,,,,,,,,,,,,,,,,,,,,,,,,,,,,,,,,,,,,,,,,,,,TRUE,3_1,-3.1225E-17,1.004929481,1.299792902,0.142446849,TRUE,
,,,,,,,,threshold,2025-02-03_19h12.33.133,2022.1.3-threshold-prod,8,desktop,OS X 10.15.7,OS X,Chrome,132.0.0.0,en-US,"[1470,831]",SpicyYellowCake312,0001,SpicyYellowCake312,SpicyYellowCake312,,,,,,,,4,0,3,4,3,1,4,3,letter,identify,threshold,FALSE,1,tracking_demo.xlsx,trackingdemo5,59.9880024,,EST,,,,,,,,,,,,,,,,,,,,,,,,,,,,,,,,,,,,,,,,,,,,,,,,,,,,,,,,,,,,,,,,,,,,,,,,,,,,,,,,,,,,,,,,,,,,,,,,,,,,,,,,,,,,,,,,,,,,,,,,,,,,,,,,,,,,,,,,,,,,,,,,,,,,,,,,,,,,,,,,,,,,,,,,,,,,,,,,,,,,,,,,,,,,,,,,,,,,,,,,,,,,,,,,,,,,,,,,,,,,,,,,,,,,,,,,,,,,,,,,,,,,,,,,,,,,,,,,,,,,,,,,,,,,,,,,,,,,,,,,,,,,,,,,,,,,,,,,,,,,,,,,,,,,,,,,,,,,,,,,,,,,,,,,,,,,,,,,,,,,,,,,,,,,,,,,,,,,,,,,,,,,,,,,,,,,,,,,,,,,,,,,,,,,,,,,,,,,,,,,,,,,,,,,,,,,,,,,,,,,,,,,,,,,,,,,,,,,,,,,,,,,,,,,,,,,,,,,,,,,,,,,,,,,,,,,,,,,,,,,,,,,,,,,,,,,,,,,,,,,,,,,,,,,,,,,,TRUE,,,,,,,
,,,,,,,,threshold,2025-02-03_19h12.33.133,2022.1.3-threshold-prod,8,desktop,OS X 10.15.7,OS X,Chrome,132.0.0.0,en-US,"[1470,831]",SpicyYellowCake312,0001,SpicyYellowCake312,SpicyYellowCake312,,,,,,,,,,,,,,,4,letter,identify,threshold,FALSE,1,tracking_demo.xlsx,trackingdemo5,59.9880024,,EST,2.10996,2.109975,28.6,18.6,44.53717763,0.00002,0.010745,0.001885,0.001905,4_1,Testing Crowding,,Helen Hu,"UMIK-1, UMIK-2, Bluetooth, Headset, Headphones, Wireless, On-Ear, Over-Ear, In-Ear, Buds, Earbuds, AirPods, Eardrops, Air, Cloud, MIDI, Line-in, Audeze, Audio-Technica, Blackwire, Beats, beyerdynamic, Blue Satellite, BlueParrot, Bowers & Wilkins, Caymuller, Bose, Conambo, COOSII, Cowin, Discover, Focal, HD, HEIBAS, HIFIMAN, HyperX, Jabra, JBL, Koss, LEVN, Logitech, Meze, Monolith, NANAMI, Poly Voyager, Porta, Raycon, Sennheiser, Shure, Sony, Soundcore, TOZO, Trucker, Vibe, Yealink",FALSE,FALSE,TRUE,FALSE,2,-40,FALSE,5,FALSE,2,1,TRUE,0.5,2,1,4,101.4,2,0,goal,FALSE,,linear,0.2,0.2,1,0.1,100,24,48000,FALSE,200,0.3333333,0.01,1.5,-124.8,-100,,0,,,,0,0,,FALSE,FALSE,English (US),FALSE,FALSE,FALSE,FALSE,FALSE,"Chrome, Edge",0,,TRUE,FALSE,FALSE,TRUE,desktop,,FALSE,FALSE,0,8,all,"Safari, 12, Chrome, 131",TRUE,6,,,FALSE,FALSE,FALSE,,0.05,,,,,none,***,***,0,1,0,USD,0,FALSE,FALSE,FALSE,TRUE,TRUE,TRUE,,desktop,,,,automatic,0,," 0,100",,,All countries available,,,Standard sample,,,,,,,,,,,,,,,TRUE,FALSE,TRUE,TRUE,TRUE,FALSE,60,FALSE,20,FALSE,,,,,FALSE,FALSE,FALSE,FALSE,FALSE,TRUE,FALSE,FALSE," -50, -40,-30,-25,-20,-15,-10,-3.1",1,0.5,2,2,FALSE,-13.1,10000,200,FALSE,3,TRUE,FALSE,"25, 35, 50, 70, 100, 140, 160, 180",1,FALSE,,TRUE,0,Flies_8deg,1,,2,FALSE,FALSE,TRUE,centerFixation,"0.5,0.5",FALSE,abcdefghijklmnopqrstuvwxyz,Roboto Mono,google,1,,FALSE,Sloan.woff2,1,DHKNORSVZ,"0,0,0,1",,normal,,abc,TRUE,1000,0.8,FALSE,FALSE,0.2,,none,10000000000,300,file,regular,0,0,,,Verdana,"0,0,0,1",TRUE,0.5,17,browser,Look at the red dot while tracking!,,,topLeft,,upperLeft,English,,,FALSE,FALSE,"8,0,0.2,1,0,0,1","0,0,0,1",0,FALSE,"0,0","3,1,1.1,FALSE,0.05,0.8,0,0,0.6,1","0,0,1,1",-0.25,2,0,1.5,0.2,0.05,FALSE,"0.5,0.05,0,0,0,0,1",FALSE,0.5,2,FALSE,"0,0,0,1",TRUE,freeze,TRUE,0.15,circle,0.5,0.4,1,1.4,0.05,0,0,TRUE,1,0.03,TRUE,FALSE,2,-100,,,FALSE,5,1,FALSE,,60,-1,FALSE,,FALSE,60,0,,70,70,0,,0,,,,1,,,FALSE,,,column,FALSE,FALSE,,FALSE,FALSE,,,57,57,character,nominalSize,1.2,1,4,57,1.2,1,12,5,3,4,0.5,spacingDeg,spacingDeg,,0.5,12,0.00043,0.5,6,TRUE,TRUE,,FALSE,TRUE,35,35,FALSE,TRUE,TRUE,scientist,FALSE,FALSE,FALSE,35,TRUE,1,,FALSE,3,6,6,TRUE,FALSE,60,"0.92,0.92,0.92,1",FALSE,,,"0.5,0.03,1000",TRUE,FALSE,FALSE,FALSE,bottom,bottom,FALSE,FALSE,TRUE,bottomRight,bottomRight,FALSE,FALSE,FALSE,FALSE,disabled,,0,top,FALSE,TRUE,,TRUE,FALSE,FALSE,FALSE,,FALSE,TRUE,FALSE,TRUE,2.3,0.01,ideal,2,125,38.5,2,radial,FALSE,1.4,ratio,screen,2,0.05,center,"0,0,0,1",-1,0,0,0.15,8,0,0.167,0,,1,8,5,,10,_,0.1,0,0,0,$,3,2,FALSE,9,20,,FALSE,20000,-999,0.3,-0.3,,10000000000,0.083,10000000000,0,FALSE,1.5,10000000000,10000000000,10000000000,0.1,1,2.3,0.01,,1,2,spacingDeg,10,FALSE,QUEST,0.7,FALSE,FALSE,1.1,40,,"0,0","735,459",FALSE,0.142446849,0.142446849,5.866882761,0.00185,35,"[[256.6604179751591,-22.759039740438784],[363.8113204189082,-22.674055993256285]]",53.57546807,"K, O, S",37.99379171,20.95367076,35.03308,"[(-1.0714, -0.2758), (1.0714, 0.2758)]",1.0151,1,1,0,0,1,0,1,0.142446849,0.142446849,4_1,1,,TRUE,,trialsVal,0,4.94066E-324,1.79769E+308,2,0.7,1,4.94066E-324,2.3,0.01,0.111111111,0.01,TRUE,,,,,,,
,,,,,,,,threshold,2025-02-03_19h12.33.133,2022.1.3-threshold-prod,8,desktop,OS X 10.15.7,OS X,Chrome,132.0.0.0,en-US,"[1470,831]",SpicyYellowCake312,0001,SpicyYellowCake312,SpicyYellowCake312,,,,,,,,,0,3,4,3,1,,3,letter,identify,threshold,FALSE,1,tracking_demo.xlsx,trackingdemo5,59.9880024,,EST,,,,,,,,,,4_1,,,,,,,,,,,,,,,,,,,,,,,,,,,,,,,,,,,,,,,,,,,,,,,,,,,,,,,,,,,,,,,,,,,,,,,,,,,,,,,,,,,,,,,,,,,,,,,,,,,,,,,,,,,,,,,,,,,,,,,,,,,,,,,,,,,,,,,,,,,,,,,,,,,,,,,,,,,,,,,,,,,,,,,,,,Flies_8deg,,,,,,,,,,,,,,,,,,,,,,,,,,,,,,,,,,,,,,,,,,,,,,,,,,,,,,,,,,,,,,,,,,,,,,,,,,,,,,,,,,,,,,,,,,,,,,,,,,,,,,,,,,,,,,,,,,,,,,,,,,,,,,,,,,,,,,,,,,,,,,,,,,,,,,,,,,,,,,,,,,,,,,,,,,,,,,,,,,,,,,,,,,,,,,,,,,,,,,,,,,,,,,,,,,,,,,,,,,,,,,,,,,,,,,,,,,,,,,,,,,,,,,,,,,,,,,,,,,,,,,,,,,,,,,,,,,,,,,,,,,,,,,,,,,,,,,,,,,,,,,,,,,,,,,,,,,,,,,,,,,,,,,,,,,,,,TRUE,4_1,-3.1225E-17,1.004929481,1.299792902,0.142446849,TRUE,
,,,,,,,,threshold,2025-02-03_19h12.33.133,2022.1.3-threshold-prod,8,desktop,OS X 10.15.7,OS X,Chrome,132.0.0.0,en-US,"[1470,831]",SpicyYellowCake312,0001,SpicyYellowCake312,SpicyYellowCake312,,,,,,,,,,,,,,,,,,threshold,FALSE,1,tracking_demo.xlsx,trackingdemo5,59.9880024,,EST,,,,,,,,,,,,,,,,,,,,,,,,,,,,,,,,,,,,,,,,,,,,,,,,,,,,,,,,,,,,,,,,,,,,,,,,,,,,,,,,,,,,,,,,,,,,,,,,,,,,,,,,,,,,,,,,,,,,,,,,,,,,,,,,,,,,,,,,,,,,,,,,,,,,,,,,,,,,,,,,,,,,,,,,,,,,,,,,,,,,,,,,,,,,,,,,,,,,,,,,,,,,,,,,,,,,,,,,,,,,,,,,,,,,,,,,,,,,,,,,,,,,,,,,,,,,,,,,,,,,,,,,,,,,,,,,,,,,,,,,,,,,,,,,,,,,,,,,,,,,,,,,,,,,,,,,,,,,,,,,,,,,,,,,,,,,,,,,,,,,,,,,,,,,,,,,,,,,,,,,,,,,,,,,,,,,,,,,,,,,,,,,,,,,,,,,,,,,,,,,,,,,,,,,,,,,,,,,,,,,,,,,,,,,,,,,,,,,,,,,,,,,,,,,,,,,,,,,,,,,,,,,,,,,,,,,,,,,,,,,,,,,,,,,,,,,,,,,,,,,,,,,,,,,,,,,,TRUE,,,,,,,TRUE